row_num,longitude,latitude,temp
1,-86.27916667,30.99583333,18.5333
100,-86.47916667,30.97083333,18.6292
200,-86.84583333,30.9625,18.65
300,-86.44583333,30.95416667,18.6625
400,-86.92916667,30.9875,18.6792
500,-86.39583333,30.94583333,18.6875
600,-86.32083333,30.89583333,18.6958
700,-86.80416667,30.97083333,18.7083
800,-86.14583333,30.92916667,18.7167
900,-86.1375,30.92916667,18.725
1000,-86.69583333,30.92083333,18.7333
1100,-86.69583333,30.95416667,18.7417
1200,-86.1125,30.87083333,18.7458
1300,-86.4375,30.89583333,18.7542
1400,-86.7375,30.97083333,18.7625
1500,-86.1125,30.9375,18.7667
1600,-86.12916667,30.8625,18.7708
1700,-87.42916667,30.99583333,18.7792
1800,-87.17916667,30.95416667,18.7833
1900,-86.1875,30.97083333,18.7875
2000,-86.1875,30.92083333,18.7917
2100,-86.37916667,30.87083333,18.7958
2200,-87.4125,30.9875,18.8042
2300,-86.4125,30.8875,18.8083
2400,-86.52916667,30.82916667,18.8125
2500,-86.54583333,30.92916667,18.8208
2600,-86.4625,30.84583333,18.825
2700,-87.4625,30.94583333,18.8333
2800,-86.05416667,30.85416667,18.8375
2900,-85.7375,30.95416667,18.8458
3000,-86.60416667,30.89583333,18.85
3100,-87.52916667,30.8375,18.8542
3200,-86.6375,30.8375,18.8583
3300,-86.3625,30.82916667,18.8625
3400,-86.44583333,30.85416667,18.8667
3500,-86.1875,30.82083333,18.8708
3600,-86.07916667,30.75416667,18.875
3700,-86.35416667,30.7375,18.8792
3800,-86.22083333,30.7375,18.8833
3900,-85.69583333,30.97916667,18.8917
4000,-87.07083333,30.90416667,18.8958
4100,-86.02916667,30.85416667,18.9
4200,-86.70416667,30.87916667,18.9042
4300,-86.95416667,30.87083333,18.9083
4400,-86.02083333,30.82916667,18.9125
4500,-86.02083333,30.82083333,18.9167
4600,-86.7125,30.77083333,18.9208
4700,-86.2375,30.72083333,18.925
4800,-86.37083333,30.72083333,18.9292
4900,-86.7125,30.72083333,18.9333
5000,-86.09583333,30.7125,18.9375
5100,-86.27083333,30.70416667,18.9417
5200,-86.32083333,30.70416667,18.9458
5300,-86.74583333,30.7125,18.95
5400,-86.4125,30.7125,18.9542
5500,-86.4625,30.7375,18.9583
5600,-86.02916667,30.7125,18.9625
5700,-86.22916667,30.70416667,18.9667
5800,-86.37916667,30.69583333,18.9708
5900,-87.1125,30.72916667,18.975
6000,-86.37916667,30.70416667,18.9792
6100,-86.45416667,30.74583333,18.9833
6200,-86.3875,30.6875,18.9875
6300,-86.42916667,30.7375,18.9917
6400,-86.37916667,30.7875,18.9958
6500,-86.0625,30.77916667,19
6600,-85.62916667,30.8625,19.0042
6700,-85.67916667,30.8875,19.0083
6800,-87.2375,30.9625,19.0125
6900,-85.4875,30.6125,19.0125
7000,-86.67083333,30.72083333,19.0167
7100,-87.17083333,30.77916667,19.0208
7200,-85.52916667,30.8625,19.025
7300,-85.4625,30.95416667,19.0292
7400,-85.62083333,30.62083333,19.0292
7500,-86.6125,30.72916667,19.0333
7600,-86.62083333,30.80416667,19.0375
7700,-85.44583333,30.8875,19.0417
7800,-86.42916667,30.62916667,19.0417
7900,-86.42916667,30.6875,19.0458
8000,-87.02916667,30.7625,19.05
8100,-85.42916667,30.84583333,19.0542
8200,-86.42916667,30.62083333,19.0542
8300,-85.50416667,30.74583333,19.0583
8400,-85.5375,30.87083333,19.0625
8500,-85.27083333,30.60416667,19.0625
8600,-86.87083333,30.69583333,19.0667
8700,-85.77916667,30.80416667,19.0708
8800,-85.30416667,30.62083333,19.0708
8900,-86.87916667,30.74583333,19.075
9000,-87.27083333,30.85416667,19.0792
9100,-85.9625,30.67083333,19.0792
9200,-87.24583333,30.82916667,19.0833
9300,-85.47083333,30.67916667,19.0833
9400,-85.4625,30.8625,19.0875
9500,-86.4875,30.67916667,19.0875
9600,-85.45416667,30.8375,19.0917
9700,-86.02916667,30.67083333,19.0917
9800,-87.07916667,30.77083333,19.0958
9900,-85.37083333,30.5375,19.0958
10000,-87.4375,30.70416667,19.1
10100,-85.5875,30.84583333,19.1042
10200,-86.8625,30.67083333,19.1042
10300,-85.59583333,30.82916667,19.1083
10400,-85.2625,30.64583333,19.1083
10500,-85.4625,30.7875,19.1125
10600,-85.30416667,30.57916667,19.1125
10700,-86.60416667,30.70416667,19.1167
10800,-85.25416667,30.9125,19.1208
10900,-87.35416667,30.6875,19.1208
11000,-85.34583333,30.87916667,19.125
11100,-85.27083333,30.65416667,19.125
11200,-85.22916667,30.7875,19.1292
11300,-84.85416667,30.5875,19.1292
11400,-87.0625,30.69583333,19.1333
11500,-85.27083333,30.9125,19.1375
11600,-86.3375,30.64583333,19.1375
11700,-85.24583333,30.82083333,19.1417
11800,-85.4625,30.65416667,19.1417
11900,-85.3125,30.8375,19.1458
12000,-86.42916667,30.5875,19.1458
12100,-85.3875,30.72083333,19.15
12200,-84.80416667,30.5375,19.15
12300,-86.57083333,30.69583333,19.1542
12400,-85.10416667,30.9125,19.1583
12500,-84.5875,30.67916667,19.1583
12600,-85.14583333,30.8875,19.1625
12700,-84.4375,30.6375,19.1625
12800,-85.0375,30.72916667,19.1667
12900,-86.22083333,30.5625,19.1667
13000,-85.57083333,30.72083333,19.1708
13100,-86.44583333,30.5625,19.1708
13200,-85.52916667,30.69583333,19.175
13300,-85.75416667,30.54583333,19.175
13400,-84.2375,30.67916667,19.1792
13500,-85.05416667,30.90416667,19.1833
13600,-87.37916667,30.6125,19.1833
13700,-85.12916667,30.7375,19.1875
13800,-85.30416667,30.5625,19.1875
13900,-85.07083333,30.70416667,19.1917
14000,-84.9375,30.5375,19.1917
14100,-85.82083333,30.67083333,19.1958
14200,-85.00416667,30.94583333,19.2
14300,-85.22083333,30.64583333,19.2
14400,-85.07916667,30.95416667,19.2042
14500,-85.75416667,30.65416667,19.2042
14600,-85.15416667,30.79583333,19.2083
14700,-85.2625,30.5875,19.2083
14800,-85.0625,30.75416667,19.2125
14900,-85.3125,30.55416667,19.2125
15000,-87.40416667,30.67083333,19.2167
15100,-85.69583333,30.52916667,19.2167
15200,-85.7375,30.65416667,19.2208
15300,-85.55416667,30.4625,19.2208
15400,-87.37083333,30.60416667,19.225
15500,-87.2875,30.77916667,19.2292
15600,-87.40416667,30.54583333,19.2292
15700,-87.12083333,30.67083333,19.2333
15800,-85.2375,30.49583333,19.2333
15900,-86.77916667,30.6375,19.2375
16000,-85.54583333,30.4625,19.2375
16100,-84.40416667,30.6375,19.2417
16200,-85.50416667,30.44583333,19.2417
16300,-85.20416667,30.5875,19.2458
16400,-85.27916667,30.69583333,19.25
16500,-84.67916667,30.52083333,19.25
16600,-86.27916667,30.64583333,19.2542
16700,-84.65416667,30.49583333,19.2542
16800,-85.77916667,30.60416667,19.2583
16900,-85.35416667,30.45416667,19.2583
17000,-85.87083333,30.60416667,19.2625
17100,-84.35416667,30.64583333,19.2667
17200,-85.5375,30.4625,19.2667
17300,-86.07083333,30.57916667,19.2708
17400,-84.22916667,30.67083333,19.275
17500,-85.22916667,30.50416667,19.275
17600,-86.70416667,30.60416667,19.2792
17700,-84.15416667,30.6625,19.2833
17800,-84.97916667,30.49583333,19.2833
17900,-86.69583333,30.60416667,19.2875
18000,-85.37916667,30.42916667,19.2875
18100,-86.8875,30.52916667,19.2917
18200,-85.1125,30.65416667,19.2958
18300,-84.47083333,30.49583333,19.2958
18400,-84.39583333,30.60416667,19.3
18500,-85.30416667,30.42916667,19.3
18600,-86.09583333,30.54583333,19.3042
18700,-84.07916667,30.67083333,19.3083
18800,-85.84583333,30.4875,19.3083
18900,-85.85416667,30.59583333,19.3125
19000,-85.77916667,30.42083333,19.3125
19100,-86.17916667,30.54583333,19.3167
19200,-87.27083333,30.67083333,19.3208
19300,-87.37083333,30.5125,19.3208
19400,-84.10416667,30.6125,19.325
19500,-84.87916667,30.45416667,19.325
19600,-85.8875,30.57916667,19.3292
19700,-83.9875,30.42083333,19.3292
19800,-86.9125,30.5625,19.3333
19900,-87.27916667,30.65416667,19.3375
20000,-85.9625,30.49583333,19.3375
20100,-85.0875,30.57916667,19.3417
20200,-85.22083333,30.42916667,19.3417
20300,-84.52083333,30.5625,19.3458
20400,-85.32083333,30.3875,19.3458
20500,-83.89583333,30.50416667,19.35
20600,-86.75416667,30.59583333,19.3542
20700,-83.99583333,30.42083333,19.3542
20800,-83.9375,30.52916667,19.3583
20900,-84.3375,30.6125,19.3625
21000,-85.1125,30.4625,19.3625
21100,-86.0375,30.5375,19.3667
21200,-84.80416667,30.4125,19.3667
21300,-84.0625,30.52916667,19.3708
21400,-85.52083333,30.37083333,19.3708
21500,-85.12083333,30.47916667,19.375
21600,-86.92916667,30.57083333,19.3792
21700,-85.54583333,30.3875,19.3792
21800,-85.05416667,30.5125,19.3833
21900,-87.1875,30.60416667,19.3875
22000,-85.77916667,30.39583333,19.3875
22100,-86.1875,30.5125,19.3917
22200,-87.1125,30.6375,19.3958
22300,-85.82916667,30.45416667,19.3958
22400,-86.07083333,30.57083333,19.4
22500,-85.77916667,30.3875,19.4
22600,-87.3125,30.54583333,19.4042
22700,-85.42083333,30.35416667,19.4042
22800,-84.62916667,30.4625,19.4083
22900,-83.92916667,30.6125,19.4125
23000,-84.74583333,30.42083333,19.4125
23100,-84.32916667,30.60416667,19.4167
23200,-85.8625,30.4125,19.4167
23300,-83.35416667,30.6125,19.4208
23400,-84.77916667,30.4125,19.4208
23500,-83.49583333,30.5875,19.425
23600,-84.4875,30.39583333,19.425
23700,-85.1625,30.5375,19.4292
23800,-85.74583333,30.3625,19.4292
23900,-83.9875,30.50416667,19.4333
24000,-85.22916667,30.32083333,19.4333
24100,-83.97916667,30.4625,19.4375
24200,-87.0125,30.6375,19.4417
24300,-84.0625,30.4375,19.4417
24400,-83.77916667,30.60416667,19.4458
24500,-85.67916667,30.42916667,19.4458
24600,-87.0875,30.60416667,19.45
24700,-86.0625,30.42083333,19.45
24800,-83.35416667,30.62083333,19.4542
24900,-85.92083333,30.42916667,19.4542
25000,-85.35416667,30.25416667,19.4542
25100,-86.72916667,30.44583333,19.4583
25200,-83.3875,30.62916667,19.4625
25300,-84.7125,30.39583333,19.4625
25400,-85.29583333,30.29583333,19.4625
25500,-87.3375,30.4875,19.4667
25600,-84.8125,30.34583333,19.4667
25700,-84.1875,30.5125,19.4708
25800,-85.99583333,30.34583333,19.4708
25900,-83.62083333,30.52916667,19.475
26000,-84.57916667,30.37083333,19.475
26100,-85.37083333,30.22916667,19.475
26200,-86.8875,30.4625,19.4792
26300,-84.9375,30.3125,19.4792
26400,-83.6375,30.47916667,19.4833
26500,-85.80416667,30.32916667,19.4833
26600,-86.82083333,30.49583333,19.4875
26700,-84.6375,30.32916667,19.4875
26800,-83.6125,30.5125,19.4917
26900,-84.77916667,30.32083333,19.4917
27000,-84.3625,30.52083333,19.4958
27100,-85.94583333,30.32083333,19.4958
27200,-83.4625,30.55416667,19.5
27300,-85.1625,30.3875,19.5
27400,-83.72916667,30.62083333,19.5042
27500,-83.85416667,30.42083333,19.5042
27600,-84.6375,30.2875,19.5042
27700,-83.6125,30.4875,19.5083
27800,-85.1625,30.3125,19.5083
27900,-83.70416667,30.4875,19.5125
28000,-85.70416667,30.3125,19.5125
28100,-84.3375,30.50416667,19.5167
28200,-86.07916667,30.32083333,19.5167
28300,-82.8875,30.55416667,19.5208
28400,-84.4125,30.3375,19.5208
28500,-83.12083333,30.57083333,19.525
28600,-86.10416667,30.35416667,19.525
28700,-83.1125,30.57916667,19.5292
28800,-86.1375,30.37083333,19.5292
28900,-83.12916667,30.6125,19.5333
29000,-86.10416667,30.37083333,19.5333
29100,-85.2875,30.22083333,19.5333
29200,-83.6375,30.4125,19.5375
29300,-84.7625,30.24583333,19.5375
29400,-83.60416667,30.39583333,19.5417
29500,-84.50416667,30.2625,19.5417
29600,-84.62083333,30.40416667,19.5458
29700,-85.52083333,30.27083333,19.5458
29800,-84.1125,30.44583333,19.55
29900,-85.5375,30.29583333,19.55
30000,-84.20416667,30.4875,19.5542
30100,-85.4625,30.2375,19.5542
30200,-83.77916667,30.37083333,19.5583
30300,-84.6375,30.22916667,19.5583
30400,-83.7875,30.3625,19.5625
30500,-84.80416667,30.20416667,19.5625
30600,-84.3875,30.34583333,19.5667
30700,-82.9625,30.57916667,19.5708
30800,-85.77916667,30.3125,19.5708
30900,-83.0875,30.5625,19.575
31000,-83.4625,30.32916667,19.575
31100,-84.90416667,30.20416667,19.575
31200,-86.80416667,30.4375,19.5792
31300,-85.87083333,30.2625,19.5792
31400,-82.82083333,30.52916667,19.5833
31500,-83.4125,30.3125,19.5833
31600,-84.90416667,30.17916667,19.5833
31700,-83.97916667,30.34583333,19.5875
31800,-85.52916667,30.2125,19.5875
31900,-84.3875,30.3875,19.5917
32000,-83.42083333,30.27083333,19.5917
32100,-83.42916667,30.57916667,19.5958
32200,-83.5125,30.3375,19.5958
32300,-84.64583333,30.1875,19.5958
32400,-83.6375,30.32083333,19.6
32500,-84.95416667,30.17083333,19.6
32600,-84.07083333,30.30416667,19.6042
32700,-85.3375,30.17083333,19.6042
32800,-83.92083333,30.30416667,19.6083
32900,-83.2375,30.60416667,19.6125
33000,-85.0375,30.27083333,19.6125
33100,-86.7875,30.52083333,19.6167
33200,-83.9375,30.27916667,19.6167
33300,-84.79583333,30.1125,19.6167
33400,-84.0875,30.27916667,19.6208
33500,-82.52916667,30.5375,19.625
33600,-83.60416667,30.24583333,19.625
33700,-84.32083333,30.52083333,19.6292
33800,-84.4125,30.2125,19.6292
33900,-87.35416667,30.40416667,19.6333
34000,-84.70416667,30.22916667,19.6333
34100,-84.37083333,30.4625,19.6375
34200,-83.42916667,30.22083333,19.6375
34300,-82.54583333,30.47083333,19.6417
34400,-85.25416667,30.17916667,19.6417
34500,-83.34583333,30.3375,19.6458
34600,-84.84583333,30.09583333,19.6458
34700,-83.7125,30.2375,19.65
34800,-82.4625,30.55416667,19.6542
34900,-84.1375,30.25416667,19.6542
35000,-85.27916667,30.10416667,19.6542
35100,-84.22916667,30.27083333,19.6583
35200,-84.5875,30.12916667,19.6583
35300,-84.2125,30.32916667,19.6625
35400,-84.4875,30.14583333,19.6625
35500,-84.37916667,30.4125,19.6667
35600,-83.5875,30.22083333,19.6667
35700,-87.32916667,30.42916667,19.6708
35800,-85.0875,30.17916667,19.6708
35900,-82.5125,30.47916667,19.675
36000,-83.8875,30.20416667,19.675
36100,-82.47083333,30.5375,19.6792
36200,-84.24583333,30.22916667,19.6792
36300,-82.37916667,30.5625,19.6833
36400,-84.37916667,30.27916667,19.6833
36500,-85.25416667,30.09583333,19.6833
36600,-87.39583333,30.37083333,19.6875
36700,-85.39583333,30.10416667,19.6875
36800,-82.5125,30.37916667,19.6917
36900,-83.3625,30.15416667,19.6917
37000,-82.59583333,30.42083333,19.6958
37100,-83.7625,30.17083333,19.6958
37200,-83.3625,30.49583333,19.7
37300,-84.2125,30.2125,19.7
37400,-85.20416667,30.04583333,19.7
37500,-84.20416667,30.25416667,19.7042
37600,-84.6125,30.10416667,19.7042
37700,-84.2625,30.34583333,19.7083
37800,-84.27916667,30.15416667,19.7083
37900,-83.00416667,30.50416667,19.7125
38000,-84.05416667,30.1875,19.7125
38100,-83.3875,30.52916667,19.7167
38200,-84.07083333,30.20416667,19.7167
38300,-84.52083333,30.07916667,19.7167
38400,-84.3625,30.2375,19.7208
38500,-84.5625,30.07083333,19.7208
38600,-84.30416667,30.3375,19.725
38700,-84.95416667,30.05416667,19.725
38800,-84.25416667,30.17916667,19.7292
38900,-82.42916667,30.47916667,19.7333
39000,-84.27083333,30.1625,19.7333
39100,-82.30416667,30.55416667,19.7375
39200,-84.07083333,30.19583333,19.7375
39300,-83.0125,30.52083333,19.7417
39400,-82.5625,30.2875,19.7417
39500,-84.84583333,30.04583333,19.7417
39600,-84.3375,30.37083333,19.7458
39700,-85.49583333,30.1125,19.7458
39800,-82.37083333,30.4875,19.75
39900,-82.3625,30.27916667,19.75
40000,-84.97916667,30.05416667,19.75
40100,-83.1875,30.42916667,19.7542
40200,-83.85416667,30.17916667,19.7542
40300,-84.77916667,29.9875,19.7542
40400,-83.35416667,30.37916667,19.7583
40500,-83.65416667,30.15416667,19.7583
40600,-85.20416667,29.9625,19.7583
40700,-82.32916667,30.3125,19.7625
40800,-84.52916667,30.02916667,19.7625
40900,-82.6625,30.35416667,19.7667
41000,-85.19583333,30.1375,19.7667
41100,-82.37083333,30.47083333,19.7708
41200,-83.8875,30.1625,19.7708
41300,-85.14583333,29.97916667,19.7708
41400,-82.60416667,30.34583333,19.775
41500,-85.0625,30.0375,19.775
41600,-83.34583333,30.42916667,19.7792
41700,-85.17916667,30.14583333,19.7792
41800,-81.92916667,30.79583333,19.7833
41900,-82.62916667,30.32083333,19.7833
42000,-83.3875,30.07083333,19.7833
42100,-82.9125,30.40416667,19.7875
42200,-83.84583333,30.12083333,19.7875
42300,-87.24583333,30.52083333,19.7917
42400,-82.4875,30.22916667,19.7917
42500,-83.34583333,30.02083333,19.7917
42600,-82.62083333,30.34583333,19.7958
42700,-84.87083333,30.02083333,19.7958
42800,-84.27916667,30.37916667,19.8
42900,-83.77083333,30.09583333,19.8
43000,-87.2625,30.49583333,19.8042
43100,-82.5375,30.19583333,19.8042
43200,-81.9375,30.80416667,19.8083
43300,-82.2625,30.32083333,19.8083
43400,-84.67916667,30.02083333,19.8083
43500,-84.35416667,30.40416667,19.8125
43600,-83.42916667,30.07083333,19.8125
43700,-82.00416667,30.6875,19.8167
43800,-85.65416667,30.2375,19.8167
43900,-84.5125,29.99583333,19.8167
44000,-82.35416667,30.37083333,19.8208
44100,-85.10416667,30.0125,19.8208
44200,-82.3125,30.4125,19.825
44300,-83.37916667,30.0125,19.825
44400,-87.27916667,30.3875,19.8292
44500,-85.07916667,30.0125,19.8292
44600,-82.70416667,30.40416667,19.8333
44700,-83.4375,30.05416667,19.8333
44800,-82.27916667,30.4375,19.8375
44900,-84.44583333,30.04583333,19.8375
45000,-81.95416667,30.62083333,19.8417
45100,-84.4125,30.05416667,19.8417
45200,-82.0125,30.7125,19.8458
45300,-82.54583333,30.14583333,19.8458
45400,-81.82083333,30.7125,19.85
45500,-83.97083333,30.12916667,19.85
45600,-81.80416667,30.70416667,19.8542
45700,-82.42083333,30.17916667,19.8542
45800,-84.77083333,29.87083333,19.8542
45900,-83.62916667,30.1625,19.8583
46000,-84.7875,29.87083333,19.8583
46100,-83.2875,30.19583333,19.8625
46200,-81.7875,30.7125,19.8667
46300,-84.07916667,30.12083333,19.8667
46400,-84.85416667,29.87083333,19.8667
46500,-82.25416667,30.2875,19.8708
46600,-84.4625,29.9375,19.8708
46700,-83.30416667,30.3625,19.875
46800,-84.7125,29.94583333,19.875
46900,-82.97083333,30.35416667,19.8792
47000,-84.7125,29.92083333,19.8792
47100,-83.22916667,30.35416667,19.8833
47200,-84.55416667,29.94583333,19.8833
47300,-82.74583333,30.32083333,19.8875
47400,-84.7625,29.87916667,19.8875
47500,-82.7875,30.27916667,19.8917
47600,-84.4625,29.94583333,19.8917
47700,-83.00416667,30.39583333,19.8958
47800,-84.55416667,29.9375,19.8958
47900,-82.99583333,30.39583333,19.9
48000,-83.42916667,29.95416667,19.9
48100,-84.32916667,30.45416667,19.9042
48200,-84.4625,30.00416667,19.9042
48300,-82.8375,30.47083333,19.9083
48400,-83.84583333,30.0625,19.9083
48500,-83.12916667,30.52083333,19.9125
48600,-82.47916667,30.12083333,19.9125
48700,-81.85416667,30.64583333,19.9167
48800,-82.3375,30.12083333,19.9167
48900,-81.67916667,30.6375,19.9208
49000,-82.20416667,30.12083333,19.9208
49100,-81.6375,30.6625,19.925
49200,-82.17083333,30.19583333,19.925
49300,-83.32916667,29.92916667,19.925
49400,-82.80416667,30.30416667,19.9292
49500,-83.32083333,29.9375,19.9292
49600,-82.82083333,30.29583333,19.9333
49700,-83.42083333,29.92916667,19.9333
49800,-86.39583333,30.3875,19.9375
49900,-84.44583333,30.00416667,19.9375
50000,-82.0375,30.4375,19.9417
50100,-82.44583333,30.07916667,19.9417
50200,-81.97916667,30.40416667,19.9458
50300,-83.79583333,30.02083333,19.9458
50400,-81.95416667,30.40416667,19.95
50500,-83.47083333,29.94583333,19.95
50600,-83.27083333,30.3375,19.9542
50700,-83.32916667,29.8875,19.9542
50800,-82.14583333,30.1375,19.9583
50900,-85.02083333,29.87916667,19.9583
51000,-82.2375,30.2125,19.9625
51100,-85.22916667,29.8375,19.9625
51200,-82.2375,30.19583333,19.9667
51300,-81.62083333,30.64583333,19.9708
51400,-84.1375,30.12083333,19.9708
51500,-81.69583333,30.5875,19.975
51600,-83.80416667,30.02083333,19.975
51700,-86.44583333,30.39583333,19.9792
51800,-83.22083333,29.9375,19.9792
51900,-81.9625,30.35416667,19.9833
52000,-83.3125,29.90416667,19.9833
52100,-82.85416667,30.1875,19.9875
52200,-81.8875,30.47083333,19.9917
52300,-83.72083333,30.00416667,19.9917
52400,-81.95416667,30.32916667,19.9958
52500,-83.30416667,29.8625,19.9958
52600,-82.2125,30.09583333,20
52700,-83.04583333,30.3875,20.0042
52800,-85.02916667,29.82916667,20.0042
52900,-83.8875,30.0375,20.0083
53000,-82.07916667,30.27083333,20.0125
53100,-87.2125,30.42916667,20.0167
53200,-81.57916667,30.65416667,20.0208
53300,-83.47083333,29.90416667,20.0208
53400,-83.64583333,30.07083333,20.025
53500,-82.0125,30.2625,20.0292
53600,-84.94583333,29.79583333,20.0292
53700,-83.12083333,29.89583333,20.0333
53800,-82.0875,30.07083333,20.0375
53900,-81.92916667,30.32083333,20.0417
54000,-81.65416667,30.57916667,20.0458
54100,-85.1625,29.82083333,20.0458
54200,-83.10416667,29.9375,20.05
54300,-83.8875,30.02916667,20.0542
54400,-81.85416667,30.4625,20.0583
54500,-85.10416667,29.82083333,20.0583
54600,-82.0875,30.04583333,20.0625
54700,-81.99583333,30.2625,20.0667
54800,-81.57083333,30.64583333,20.0708
54900,-83.07916667,29.84583333,20.0708
55000,-83.52916667,30.07916667,20.075
55100,-81.82916667,30.42916667,20.0792
55200,-83.39583333,29.82916667,20.0792
55300,-83.20416667,30.05416667,20.0833
55400,-83.1625,30.25416667,20.0875
55500,-83.2125,29.72083333,20.0875
55600,-82.27083333,30.02916667,20.0917
55700,-83.0625,30.27083333,20.0958
55800,-85.14583333,29.7375,20.0958
55900,-82.17916667,29.99583333,20.1
56000,-81.7875,30.45416667,20.1042
56100,-83.0625,29.8625,20.1042
56200,-83.17916667,30.22916667,20.1083
56300,-83.05416667,29.8375,20.1083
56400,-83.0625,30.22916667,20.1125
56500,-85.1625,29.80416667,20.1125
56600,-83.14583333,30.1625,20.1167
56700,-83.37083333,29.7625,20.1167
56800,-82.00416667,30.07916667,20.1208
56900,-83.2125,29.75416667,20.1208
57000,-83.5875,30.07083333,20.125
57100,-83.3875,29.75416667,20.125
57200,-83.20416667,30.0875,20.1292
57300,-83.24583333,29.7125,20.1292
57400,-82.95416667,29.94583333,20.1333
57500,-82.65416667,30.2125,20.1375
57600,-83.47083333,29.7625,20.1375
57700,-82.1375,30.02083333,20.1417
57800,-81.57916667,30.60416667,20.1458
57900,-83.35416667,29.79583333,20.1458
58000,-83.54583333,30.0625,20.15
58100,-83.10416667,29.7125,20.15
58200,-83.47916667,29.79583333,20.1542
58300,-82.80416667,30.1625,20.1583
58400,-83.45416667,29.7375,20.1583
58500,-82.07083333,30.0125,20.1625
58600,-85.77916667,30.22916667,20.1667
58700,-83.17083333,29.75416667,20.1667
58800,-82.92916667,29.97916667,20.1708
58900,-82.72083333,30.22083333,20.175
59000,-83.45416667,29.72916667,20.175
59100,-83.00416667,29.9625,20.1792
59200,-83.1875,30.07916667,20.1833
59300,-83.12916667,29.65416667,20.1833
59400,-83.62916667,29.8875,20.1875
59500,-83.1125,30.1375,20.1917
59600,-83.5375,29.74583333,20.1917
59700,-82.97916667,30.0625,20.1958
59800,-83.2375,29.64583333,20.1958
59900,-82.12083333,29.89583333,20.2
60000,-81.95416667,30.14583333,20.2042
60100,-83.12916667,29.67083333,20.2042
60200,-82.92083333,29.92083333,20.2083
60300,-82.82083333,30.1375,20.2125
60400,-82.74583333,29.7375,20.2125
60500,-82.59583333,29.9375,20.2167
60600,-83.09583333,30.14583333,20.2208
60700,-82.2375,29.8125,20.2208
60800,-82.9625,30.05416667,20.225
60900,-82.3875,29.74583333,20.225
61000,-82.10416667,29.95416667,20.2292
61100,-83.07083333,30.17083333,20.2333
61200,-82.22916667,29.77916667,20.2333
61300,-82.3625,29.9875,20.2375
61400,-83.27083333,29.62083333,20.2375
61500,-82.7125,29.9375,20.2417
61600,-81.52083333,30.64583333,20.2458
61700,-82.4125,29.8375,20.2458
61800,-83.0875,30.0875,20.25
61900,-82.42083333,29.8125,20.25
62000,-82.34583333,29.99583333,20.2542
62100,-83.2125,29.57083333,20.2542
62200,-82.92916667,29.87083333,20.2583
62300,-82.8875,30.0875,20.2625
62400,-83.35416667,29.6625,20.2625
62500,-82.90416667,29.89583333,20.2667
62600,-83.14583333,30.07083333,20.2708
62700,-83.3125,29.6125,20.2708
62800,-82.0875,29.92083333,20.275
62900,-82.67083333,30.09583333,20.2792
63000,-83.2375,29.5625,20.2792
63100,-82.2625,29.79583333,20.2833
63200,-83.12916667,30.07083333,20.2875
63300,-82.12083333,29.72916667,20.2875
63400,-81.7625,29.9625,20.2917
63500,-81.85416667,30.3125,20.2958
63600,-82.42083333,29.7375,20.2958
63700,-82.75416667,29.99583333,20.3
63800,-83.22916667,29.57083333,20.3
63900,-82.72916667,29.8875,20.3042
64000,-82.8375,30.0875,20.3083
64100,-82.9375,29.7875,20.3083
64200,-82.04583333,29.97916667,20.3125
64300,-83.07083333,29.52083333,20.3125
64400,-82.47916667,29.84583333,20.3167
64500,-82.82916667,30.07083333,20.3208
64600,-83.27916667,29.55416667,20.3208
64700,-82.92083333,29.84583333,20.325
64800,-82.65416667,30.0125,20.3292
64900,-83.30416667,29.5625,20.3292
65000,-81.7875,29.82083333,20.3333
65100,-81.85416667,30.0375,20.3375
65200,-82.8625,30.0625,20.3417
65300,-81.62083333,30.49583333,20.3458
65400,-82.9625,29.7375,20.3458
65500,-82.47916667,29.8875,20.35
65600,-82.9125,30.02916667,20.3542
65700,-83.34583333,29.57083333,20.3542
65800,-81.85416667,29.82083333,20.3583
65900,-81.94583333,29.87083333,20.3625
66000,-82.8375,29.99583333,20.3667
66100,-81.8125,30.04583333,20.3708
66200,-81.47083333,30.44583333,20.375
66300,-83.14583333,29.45416667,20.375
66400,-83.0375,29.57916667,20.3792
66500,-82.1625,29.62083333,20.3833
66600,-82.10416667,29.65416667,20.3875
66700,-82.37083333,29.70416667,20.3917
66800,-82.92916667,29.6625,20.3958
66900,-82.10416667,29.62083333,20.4
67000,-81.49583333,30.4375,20.4083
67100,-81.75416667,30.40416667,20.4125
67200,-81.8625,30.09583333,20.4167
67300,-81.7625,30.02083333,20.4208
67400,-82.8375,29.92916667,20.425
67500,-81.6875,29.9375,20.4292
67600,-81.4375,30.0625,20.4333
67700,-81.77083333,30.04583333,20.4375
67800,-81.8875,30.07916667,20.4417
67900,-81.42083333,30.15416667,20.4458
68000,-81.82916667,30.2875,20.45
68100,-82.27083333,29.47083333,20.45
68200,-82.92916667,29.5125,20.4542
68300,-82.97916667,29.5875,20.4583
68400,-82.89583333,29.7625,20.4625
68500,-81.97916667,29.84583333,20.4667
68600,-81.4125,30.17083333,20.4708
68700,-81.52916667,30.45416667,20.475
68800,-83.2125,29.44583333,20.475
68900,-83.07916667,29.4125,20.4792
69000,-82.27916667,29.47083333,20.4833
69100,-83.37083333,29.52916667,20.4875
69200,-82.69583333,29.70416667,20.4917
69300,-81.72916667,30.0125,20.4958
69400,-81.4125,30.00416667,20.5
69500,-81.62916667,30.07083333,20.5042
69600,-81.60416667,30.45416667,20.5083
69700,-83.0375,29.6125,20.5083
69800,-81.95416667,29.7125,20.5125
69900,-82.82083333,29.79583333,20.5167
70000,-81.4875,30.10416667,20.5208
70100,-81.47083333,30.10416667,20.525
70200,-83.07083333,29.40416667,20.525
70300,-82.3125,29.57916667,20.5292
70400,-82.2625,29.6375,20.5333
70500,-82.6625,29.74583333,20.5375
70600,-81.5125,30.02916667,20.5417
70700,-81.67916667,30.42916667,20.5458
70800,-82.7125,29.42083333,20.5458
70900,-81.80416667,29.62083333,20.55
71000,-81.97916667,29.7625,20.5542
71100,-81.50416667,30.02083333,20.5583
71200,-82.9875,29.27916667,20.5583
71300,-82.07083333,29.57083333,20.5625
71400,-82.59583333,29.7625,20.5667
71500,-81.5375,30.10416667,20.5708
71600,-82.85416667,29.29583333,20.5708
71700,-81.84583333,29.64583333,20.575
71800,-81.67083333,29.77083333,20.5792
71900,-81.47916667,30.22916667,20.5833
72000,-82.67916667,29.49583333,20.5833
72100,-82.0375,29.74583333,20.5875
72200,-81.4875,30.34583333,20.5917
72300,-82.02916667,29.64583333,20.5917
72400,-81.5625,30.00416667,20.5958
72500,-82.72916667,29.37916667,20.5958
72600,-81.8875,29.67083333,20.6
72700,-82.5375,29.77916667,20.6042
72800,-81.44583333,30.35416667,20.6083
72900,-82.8125,29.65416667,20.6083
73000,-81.5625,30.1125,20.6125
73100,-81.59583333,30.4125,20.6167
73200,-81.80416667,29.59583333,20.6167
73300,-81.4875,29.87083333,20.6208
73400,-82.8625,29.27083333,20.6208
73500,-82.52916667,29.59583333,20.625
73600,-81.42083333,29.87083333,20.6292
73700,-82.84583333,29.3125,20.6292
73800,-82.52916667,29.5875,20.6333
73900,-81.60416667,29.9375,20.6375
74000,-82.77083333,29.37916667,20.6375
74100,-82.67083333,29.64583333,20.6417
74200,-81.59583333,30.3875,20.6458
74300,-82.45416667,29.5375,20.6458
74400,-81.4125,29.9125,20.65
74500,-82.7875,29.37083333,20.65
74600,-82.57916667,29.67083333,20.6542
74700,-82.92916667,29.27083333,20.6542
74800,-82.55416667,29.60416667,20.6583
74900,-81.40416667,30.2375,20.6625
75000,-81.9625,29.52083333,20.6625
75100,-81.6125,29.74583333,20.6667
75200,-82.6625,29.2625,20.6667
75300,-81.87916667,29.5625,20.6708
75400,-81.37916667,29.9625,20.675
75500,-82.8875,29.35416667,20.675
75600,-81.97916667,29.6625,20.6792
75700,-81.42916667,30.29583333,20.6833
75800,-82.17083333,29.5125,20.6833
75900,-81.67083333,29.7125,20.6875
76000,-82.65416667,29.2875,20.6875
76100,-82.47916667,29.5625,20.6917
76200,-81.5375,30.1875,20.6958
76300,-81.94583333,29.4625,20.6958
76400,-81.39583333,29.8625,20.7
76500,-82.6875,29.30416667,20.7
76600,-81.47083333,29.62083333,20.7042
76700,-81.49583333,30.3125,20.7083
76800,-82.25416667,29.42916667,20.7083
76900,-81.4125,29.62916667,20.7125
77000,-82.77916667,29.24583333,20.7125
77100,-82.4625,29.47916667,20.7167
77200,-81.39583333,29.67083333,20.7208
77300,-82.2625,29.34583333,20.7208
77400,-81.37083333,29.6625,20.725
77500,-83.10416667,29.29583333,20.725
77600,-81.3875,29.64583333,20.7292
77700,-81.99583333,29.3125,20.7292
77800,-82.6125,29.60416667,20.7333
77900,-81.52916667,30.3375,20.7375
78000,-81.8375,29.50416667,20.7375
78100,-81.6625,30.07916667,20.7417
78200,-82.87916667,29.4625,20.7417
78300,-81.67916667,29.64583333,20.7458
78400,-82.00416667,29.2875,20.7458
78500,-82.57916667,29.5875,20.75
78600,-81.5625,30.3375,20.7542
78700,-82.1125,29.50416667,20.7542
78800,-81.65416667,30.10416667,20.7583
78900,-82.50416667,29.44583333,20.7583
79000,-82.8375,29.62083333,20.7625
79100,-81.74583333,30.2875,20.7667
79200,-82.60416667,29.49583333,20.7667
79300,-81.47916667,29.72916667,20.7708
79400,-81.77916667,29.22916667,20.7708
79500,-81.72916667,29.52083333,20.775
79600,-81.55416667,30.30416667,20.7792
79700,-82.45416667,29.4625,20.7792
79800,-81.3125,29.6625,20.7833
79900,-81.9875,29.24583333,20.7833
80000,-81.67083333,29.50416667,20.7875
80100,-81.7125,30.2375,20.7917
80200,-82.89583333,29.44583333,20.7917
80300,-81.60416667,29.57083333,20.7958
80400,-82.7375,29.1375,20.7958
80500,-82.79583333,29.47083333,20.8
80600,-82.34583333,29.6625,20.8042
80700,-81.7625,29.2125,20.8042
80800,-82.82916667,29.49583333,20.8083
80900,-81.32083333,29.72916667,20.8125
81000,-81.72916667,30.27083333,20.8167
81100,-82.6875,29.15416667,20.8167
81200,-81.95416667,29.2375,20.8208
81300,-82.24583333,29.35416667,20.825
81400,-82.4125,29.42083333,20.8292
81500,-82.79583333,29.52083333,20.8333
81600,-82.84583333,29.52916667,20.8375
81700,-81.5625,29.7875,20.8417
81800,-81.6875,30.29583333,20.8458
81900,-81.52916667,29.7625,20.85
82000,-82.77083333,29.54583333,20.8542
82100,-81.6625,29.47916667,20.8583
82200,-82.37916667,29.35416667,20.8625
82300,-81.77916667,29.14583333,20.8667
82400,-81.60416667,29.5125,20.875
82500,-81.45416667,29.5125,20.8792
82600,-82.62916667,29.3875,20.8833
82700,-81.87916667,29.22083333,20.8875
82800,-81.72083333,29.1125,20.8917
82900,-81.24583333,29.67916667,20.9
83000,-81.57916667,29.52916667,20.9042
83100,-81.72916667,29.22083333,20.9083
83200,-81.6875,29.12916667,20.9125
83300,-81.50416667,29.67083333,20.9208
83400,-81.64583333,29.45416667,20.925
83500,-81.70416667,29.17916667,20.9292
83600,-82.85416667,29.40416667,20.9375
83700,-81.54583333,29.4125,20.9417
83800,-82.60416667,29.37916667,20.9458
83900,-81.7375,29.05416667,20.95
84000,-81.6125,29.47083333,20.9583
84100,-82.1875,29.3875,20.9625
84200,-81.69583333,29.35416667,20.9667
84300,-81.7125,29.35416667,20.9708
84400,-82.30416667,29.2625,20.975
84500,-81.30416667,29.82916667,20.9833
84600,-81.4625,29.47083333,20.9875
84700,-81.57916667,29.44583333,20.9917
84800,-81.37083333,29.39583333,20.9958
84900,-82.50416667,29.37083333,21
85000,-81.84583333,29.17916667,21.0042
85100,-82.6625,29.05416667,21.0083
85200,-81.37083333,29.42083333,21.0167
85300,-82.1625,29.40416667,21.0208
85400,-81.4375,29.37083333,21.025
85500,-82.39583333,29.2875,21.0292
85600,-82.24583333,29.2375,21.0333
85700,-82.35416667,29.2125,21.0375
85800,-81.67083333,29.22916667,21.0417
85900,-81.5875,29.17083333,21.0458
86000,-81.6375,29.12083333,21.05
86100,-81.5625,29.1625,21.0542
86200,-81.82083333,29.1375,21.0583
86300,-81.9625,29.1125,21.0625
86400,-82.64583333,29.0625,21.0667
86500,-81.19583333,29.4375,21.075
86600,-81.49583333,29.47916667,21.0792
86700,-81.24583333,29.47083333,21.0833
86800,-81.82916667,29.04583333,21.0833
86900,-81.44583333,29.1375,21.0875
87000,-81.57916667,29.17916667,21.0917
87100,-81.2625,29.20416667,21.0958
87200,-81.62083333,29.19583333,21.1
87300,-81.20416667,29.22916667,21.1042
87400,-81.44583333,29.17916667,21.1083
87500,-81.29583333,29.20416667,21.1125
87600,-81.4875,29.22083333,21.1167
87700,-82.20416667,29.24583333,21.1208
87800,-81.2875,29.29583333,21.125
87900,-81.2125,29.47083333,21.1292
88000,-82.37916667,29.0125,21.1292
88100,-81.5375,29.10416667,21.1333
88200,-81.44583333,29.12916667,21.1375
88300,-82.49583333,29.14583333,21.1417
88400,-81.22083333,29.20416667,21.1458
88500,-81.35416667,29.2875,21.15
88600,-81.17916667,29.52083333,21.1542
88700,-81.49583333,29.05416667,21.1542
88800,-81.9125,29.1125,21.1583
88900,-82.32916667,29.12916667,21.1625
89000,-81.1625,29.14583333,21.1667
89100,-81.1625,29.1375,21.1708
89200,-81.87916667,29.12916667,21.175
89300,-81.8625,29.14583333,21.1792
89400,-82.1375,29.14583333,21.1833
89500,-81.8375,29.12916667,21.1875
89600,-82.24583333,29.15416667,21.1917
89700,-82.42916667,29.19583333,21.1958
89800,-82.0875,29.2125,21.2
89900,-81.30416667,29.17083333,21.2042
90000,-82.0625,29.1625,21.2083
90100,-81.17083333,29.3125,21.2125
90200,-81.17083333,29.29583333,21.2167
90300,-81.55416667,28.9875,21.2167
90400,-81.5875,29.02083333,21.2208
90500,-81.57916667,29.0375,21.225
90600,-82.45416667,29.02083333,21.2292
90700,-81.47083333,29.00416667,21.2333
90800,-82.19583333,28.9625,21.2375
90900,-81.15416667,29.3375,21.2458
91000,-82.25416667,28.92083333,21.2458
91100,-82.17083333,28.75416667,21.25
91200,-82.67083333,28.95416667,21.2542
91300,-82.17916667,28.72916667,21.2583
91400,-81.15416667,29.27083333,21.2667
91500,-85.40416667,29.77916667,21.2708
91600,-81.15416667,29.27916667,21.275
91700,-81.1375,29.22916667,21.2792
91800,-82.1625,29.15416667,21.2833
91900,-82.6125,29.0375,21.2875
92000,-82.1375,29.02916667,21.2917
92100,-81.3375,29.07083333,21.2958
92200,-81.8625,29.02083333,21.3
92300,-82.05416667,29.04583333,21.3042
92400,-81.2125,29.0125,21.3083
92500,-82.72083333,28.9875,21.3125
92600,-81.37916667,28.97083333,21.3167
92700,-81.47083333,28.97083333,21.3208
92800,-81.4125,28.9375,21.325
92900,-82.12083333,28.94583333,21.3292
93000,-81.40416667,28.9375,21.3333
93100,-82.39583333,28.89583333,21.3375
93200,-81.44583333,28.92916667,21.3417
93300,-82.54583333,28.95416667,21.3458
93400,-81.37083333,29.0125,21.35
93500,-82.02083333,29.0625,21.3542
93600,-81.97916667,28.47916667,21.3542
93700,-82.59583333,28.77083333,21.3583
93800,-82.19583333,28.8625,21.3625
93900,-80.92916667,28.92083333,21.3667
94000,-82.37916667,28.9375,21.3708
94100,-82.57916667,28.97083333,21.375
94200,-82.05416667,28.99583333,21.3792
94300,-81.6125,28.9875,21.3833
94400,-81.07916667,29.02083333,21.3875
94500,-81.05416667,29.3125,21.3917
94600,-82.0125,28.50416667,21.3917
94700,-82.6125,28.77083333,21.3958
94800,-82.4625,28.8375,21.4
94900,-82.52083333,28.8375,21.4042
95000,-82.10416667,28.89583333,21.4083
95100,-82.55416667,28.9375,21.4125
95200,-81.3375,28.94583333,21.4167
95300,-81.04583333,28.95416667,21.4208
95400,-81.77083333,28.94583333,21.425
95500,-81.1625,28.97083333,21.4292
95600,-81.05416667,29.05416667,21.4333
95700,-82.4375,28.75416667,21.4333
95800,-82.32916667,28.82083333,21.4375
95900,-80.8875,28.84583333,21.4417
96000,-82.60416667,28.8375,21.4458
96100,-82.5875,28.8625,21.45
96200,-81.6625,28.9125,21.4542
96300,-81.82083333,28.9125,21.4583
96400,-81.6875,28.94583333,21.4625
96500,-81.97083333,28.34583333,21.4625
96600,-81.59583333,28.77083333,21.4667
96700,-81.02916667,28.8375,21.4708
96800,-82.54583333,28.89583333,21.475
96900,-81.32916667,28.92916667,21.4792
97000,-81.95416667,28.34583333,21.4792
97100,-81.92916667,28.47083333,21.4833
97200,-82.3625,28.75416667,21.4875
97300,-81.42916667,28.80416667,21.4917
97400,-82.5625,28.82916667,21.4958
97500,-82.60416667,28.8875,21.5
97600,-81.0875,28.87916667,21.5042
97700,-81.70416667,28.92083333,21.5083
97800,-82.3375,28.49583333,21.5083
97900,-82.04583333,28.67916667,21.5125
98000,-82.2875,28.77916667,21.5167
98100,-82.1125,28.79583333,21.5208
98200,-82.29583333,28.8625,21.525
98300,-81.87083333,28.37083333,21.525
98400,-82.39583333,28.54583333,21.5292
98500,-82.0375,28.67083333,21.5333
98600,-82.45416667,28.7125,21.5375
98700,-81.52083333,28.7875,21.5417
98800,-81.59583333,28.84583333,21.5458
98900,-82.07083333,28.90416667,21.55
99000,-81.95416667,28.97083333,21.5542
99100,-81.9625,28.52916667,21.5542
99200,-82.35416667,28.57083333,21.5583
99300,-82.14583333,28.67916667,21.5625
99400,-81.12083333,28.74583333,21.5667
99500,-81.57916667,28.84583333,21.5708
99600,-81.0125,29.0875,21.575
99700,-82.2875,28.55416667,21.575
99800,-81.9875,28.67916667,21.5792
99900,-80.97916667,28.77916667,21.5833
100000,-81.14583333,28.84583333,21.5875
100100,-81.84583333,28.85416667,21.5917
100200,-82.25416667,28.4625,21.5917
100300,-82.07083333,28.64583333,21.5958
100400,-81.62083333,28.69583333,21.6
100500,-81.8625,28.82083333,21.6042
100600,-81.1625,28.87083333,21.6083
100700,-81.8875,28.45416667,21.6083
100800,-82.2625,28.55416667,21.6125
100900,-82.0375,28.64583333,21.6167
101000,-82.22083333,28.64583333,21.6208
101100,-81.40416667,28.72083333,21.625
101200,-81.6375,28.69583333,21.6292
101300,-81.72083333,28.7375,21.6333
101400,-81.40416667,28.74583333,21.6375
101500,-80.8875,28.77916667,21.6417
101600,-81.8625,28.7625,21.6458
101700,-81.55416667,28.8375,21.65
101800,-81.74583333,28.40416667,21.65
101900,-82.35416667,28.42916667,21.6542
102000,-82.02083333,28.5625,21.6583
102100,-81.54583333,28.59583333,21.6625
102200,-81.97083333,28.6125,21.6667
102300,-81.75416667,28.67083333,21.6708
102400,-80.99583333,28.60416667,21.675
102500,-81.6625,28.72083333,21.6792
102600,-81.7125,28.80416667,21.6833
102700,-81.02083333,29.12916667,21.6875
102800,-81.82916667,28.42083333,21.6875
102900,-82.2625,28.37916667,21.6917
103000,-82.40416667,28.44583333,21.6958
103100,-82.57916667,28.5625,21.7
103200,-80.95416667,28.69583333,21.7042
103300,-81.69583333,28.82083333,21.7083
103400,-82.32916667,28.40416667,21.7083
103500,-80.94583333,28.5125,21.7125
103600,-80.99583333,28.6125,21.7167
103700,-81.17083333,28.77083333,21.7208
103800,-81.97083333,28.94583333,21.725
103900,-82.37083333,28.42083333,21.725
104000,-80.9875,28.54583333,21.7292
104100,-81.0625,28.57916667,21.7333
104200,-81.0625,28.69583333,21.7375
104300,-81.34583333,28.8375,21.7417
104400,-82.07083333,28.3125,21.7417
104500,-82.42083333,28.40416667,21.7458
104600,-82.44583333,28.47916667,21.75
104700,-81.79583333,28.60416667,21.7542
104800,-81.9125,28.59583333,21.7583
104900,-81.17916667,28.7625,21.7625
105000,-81.77916667,28.27083333,21.7625
105100,-82.32083333,28.3875,21.7667
105200,-82.47083333,28.44583333,21.7708
105300,-80.94583333,28.4625,21.775
105400,-81.12083333,28.62916667,21.7792
105500,-81.72916667,28.22083333,21.7792
105600,-82.4375,28.3875,21.7833
105700,-81.20416667,28.47916667,21.7875
105800,-80.87083333,28.67916667,21.7917
105900,-81.87083333,28.2875,21.7917
106000,-81.05416667,28.4375,21.7958
106100,-82.6625,28.44583333,21.8
106200,-81.8125,28.5625,21.8042
106300,-81.8625,28.67083333,21.8083
106400,-82.35416667,28.3125,21.8083
106500,-82.4625,28.3625,21.8125
106600,-81.17916667,28.4375,21.8167
106700,-81.7375,28.59583333,21.8208
106800,-81.0125,29.17916667,21.825
106900,-82.50416667,28.37083333,21.825
107000,-82.17916667,28.4375,21.8292
107100,-80.75416667,28.62916667,21.8333
107200,-81.09583333,28.27916667,21.8333
107300,-82.47916667,28.32083333,21.8375
107400,-82.67083333,28.4375,21.8417
107500,-81.85416667,28.5875,21.8458
107600,-81.90416667,28.1875,21.8458
107700,-81.94583333,28.22083333,21.85
107800,-82.45416667,28.3375,21.8542
107900,-81.7875,28.47916667,21.8583
108000,-81.9625,28.17916667,21.8583
108100,-81.0875,28.32083333,21.8625
108200,-80.94583333,28.39583333,21.8667
108300,-81.7375,28.57083333,21.8708
108400,-82.20416667,28.15416667,21.8708
108500,-81.02083333,28.34583333,21.875
108600,-81.00416667,28.45416667,21.8792
108700,-80.6625,28.52916667,21.8833
108800,-81.22916667,28.69583333,21.8875
108900,-81.17083333,28.64583333,21.8917
109000,-82.10416667,28.15416667,21.8917
109100,-82.00416667,28.17916667,21.8958
109200,-80.8375,28.70416667,21.9042
109300,-81.12083333,28.54583333,21.9083
109400,-81.77916667,28.52083333,21.9125
109500,-81.3125,28.7125,21.9167
109600,-82.0625,28.1625,21.9167
109700,-81.14583333,28.5625,21.925
109800,-81.67083333,28.54583333,21.9292
109900,-81.6125,28.42083333,21.9333
110000,-81.1875,28.37083333,21.9375
110100,-81.1875,28.37916667,21.9417
110200,-82.5125,28.2625,21.9458
110300,-81.09583333,28.24583333,21.95
110400,-82.35416667,28.25416667,21.9542
110500,-81.0125,28.20416667,21.9583
110600,-81.74583333,28.15416667,21.9625
110700,-81.32916667,28.75416667,21.9708
110800,-81.45416667,28.67083333,21.975
110900,-82.1625,28.10416667,21.975
111000,-80.62083333,28.6375,21.9833
111100,-81.34583333,28.75416667,21.9875
111200,-81.34583333,28.74583333,21.9917
111300,-80.57916667,28.4625,21.9958
111400,-81.2375,28.50416667,22
111500,-81.62916667,28.4875,22.0042
111600,-81.55416667,28.5375,22.0083
111700,-80.82916667,28.62916667,22.0125
111800,-82.05416667,28.09583333,22.0125
111900,-81.02083333,28.14583333,22.0167
112000,-82.25416667,28.2125,22.0208
112100,-81.5625,28.32083333,22.025
112200,-80.82916667,28.57916667,22.0292
112300,-82.1875,28.0875,22.0292
112400,-81.12083333,28.1125,22.0333
112500,-81.49583333,28.1875,22.0375
112600,-82.29583333,28.2125,22.0417
112700,-82.6125,28.20416667,22.0458
112800,-82.62916667,28.2125,22.05
112900,-80.95416667,28.24583333,22.0542
113000,-82.6375,28.2375,22.0583
113100,-80.89583333,28.25416667,22.0625
113200,-80.85416667,28.30416667,22.0667
113300,-81.6125,28.45416667,22.0708
113400,-81.24583333,28.62083333,22.075
113500,-80.99583333,28.0375,22.075
113600,-81.85416667,28.14583333,22.0792
113700,-81.1125,28.22083333,22.0833
113800,-80.77916667,28.32083333,22.0875
113900,-81.2875,28.6375,22.0917
114000,-80.92083333,28.0375,22.0917
114100,-81.6375,28.15416667,22.0958
114200,-81.5625,28.25416667,22.1
114300,-80.79583333,28.42083333,22.1042
114400,-80.95416667,27.95416667,22.1042
114500,-80.8875,28.00416667,22.1083
114600,-81.05416667,28.07083333,22.1125
114700,-81.65416667,28.14583333,22.1167
114800,-82.52083333,28.19583333,22.1208
114900,-80.82916667,28.20416667,22.125
115000,-82.70416667,28.30416667,22.1292
115100,-81.3375,28.6125,22.1333
115200,-81.1125,28.07083333,22.1333
115300,-82.60416667,28.17083333,22.1375
115400,-81.17083333,28.2625,22.1417
115500,-81.22083333,28.59583333,22.1458
115600,-81.85416667,28.00416667,22.1458
115700,-82.37916667,28.10416667,22.15
115800,-80.82083333,28.1375,22.1542
115900,-81.15416667,28.20416667,22.1583
116000,-82.6875,28.32083333,22.1625
116100,-81.0625,27.94583333,22.1625
116200,-82.2125,28.05416667,22.1667
116300,-81.29583333,28.15416667,22.1708
116400,-81.1875,28.27916667,22.175
116500,-81.02916667,27.9375,22.175
116600,-81.35416667,28.0875,22.1792
116700,-82.57916667,28.12916667,22.1833
116800,-82.70416667,28.27083333,22.1875
116900,-81.37916667,28.60416667,22.1917
117000,-81.07083333,28.02916667,22.1917
117100,-81.2625,28.10416667,22.1958
117200,-81.4375,28.1875,22.2
117300,-81.87916667,27.80416667,22.2
117400,-81.8875,28.05416667,22.2042
117500,-81.60416667,28.1625,22.2083
117600,-81.35416667,28.52083333,22.2125
117700,-81.09583333,28.02083333,22.2125
117800,-81.4625,28.1125,22.2167
117900,-81.45416667,28.2625,22.2208
118000,-81.12916667,27.7375,22.2208
118100,-81.47083333,28.00416667,22.225
118200,-82.62083333,28.12083333,22.2292
118300,-81.50416667,28.44583333,22.2333
118400,-81.92083333,27.92916667,22.2333
118500,-82.77916667,28.20416667,22.2375
118600,-81.32916667,27.77916667,22.2375
118700,-81.5875,28.0125,22.2417
118800,-81.47916667,28.37916667,22.2458
118900,-81.1125,27.92916667,22.2458
119000,-81.22916667,28.17083333,22.25
119100,-81.1875,27.89583333,22.25
119200,-81.3625,28.14583333,22.2542
119300,-80.79583333,27.87083333,22.2542
119400,-80.74583333,28.15416667,22.2583
119500,-82.09583333,27.8125,22.2583
119600,-81.2625,28.04583333,22.2625
119700,-82.15416667,27.82916667,22.2625
119800,-82.57083333,28.10416667,22.2667
119900,-82.17083333,27.85416667,22.2667
120000,-81.47083333,28.37083333,22.2708
120100,-80.9375,27.90416667,22.2708
120200,-81.32916667,28.55416667,22.275
120300,-81.42916667,27.9625,22.275
120400,-82.1625,27.7875,22.275
120500,-81.32083333,28.0375,22.2792
120600,-81.97916667,27.84583333,22.2792
120700,-81.34583333,28.3625,22.2833
120800,-81.0375,27.9125,22.2833
120900,-80.89583333,27.7625,22.2833
121000,-82.07916667,27.97083333,22.2875
121100,-81.4625,27.72083333,22.2875
121200,-82.0375,27.9625,22.2917
121300,-81.72916667,27.79583333,22.2917
121400,-82.65416667,28.0875,22.2958
121500,-80.8375,27.87916667,22.2958
121600,-81.42916667,28.55416667,22.3
121700,-82.00416667,27.9375,22.3
121800,-82.17916667,27.7875,22.3
121900,-82.7625,28.10416667,22.3042
122000,-80.9125,27.87916667,22.3042
122100,-81.35416667,28.35416667,22.3083
122200,-81.0875,27.8875,22.3083
122300,-81.07916667,27.74583333,22.3083
122400,-82.57083333,28.0875,22.3125
122500,-81.20416667,27.87916667,22.3125
122600,-81.6375,27.72916667,22.3125
122700,-81.9625,27.9625,22.3167
122800,-81.79583333,27.79583333,22.3167
122900,-81.2375,28.22916667,22.3208
123000,-81.1375,27.84583333,22.3208
123100,-82.00416667,27.67916667,22.3208
123200,-81.79583333,27.97916667,22.325
123300,-82.1875,27.7875,22.325
123400,-80.69583333,28.4125,22.3292
123500,-81.7125,27.87916667,22.3292
123600,-81.20416667,27.7375,22.3292
123700,-81.80416667,28.02083333,22.3333
123800,-81.25416667,27.82083333,22.3333
123900,-80.9125,27.67083333,22.3333
124000,-81.39583333,27.92083333,22.3375
124100,-81.80416667,27.74583333,22.3375
124200,-82.77083333,28.0375,22.3417
124300,-82.2375,27.79583333,22.3417
124400,-81.0875,27.60416667,22.3417
124500,-81.0875,27.87916667,22.3458
124600,-81.35416667,27.69583333,22.3458
124700,-82.2875,27.97916667,22.35
124800,-80.82916667,27.75416667,22.35
124900,-80.74583333,28.22083333,22.3542
125000,-81.47916667,27.8125,22.3542
125100,-81.12916667,27.6375,22.3542
125200,-81.70416667,27.89583333,22.3583
125300,-81.57916667,27.67916667,22.3583
125400,-82.15416667,27.95416667,22.3625
125500,-80.9375,27.72083333,22.3625
125600,-80.75416667,28.0125,22.3667
125700,-80.9625,27.77916667,22.3667
125800,-81.54583333,27.59583333,22.3667
125900,-82.0375,27.82083333,22.3708
126000,-81.60416667,27.6375,22.3708
126100,-81.87916667,27.92916667,22.375
126200,-81.87916667,27.69583333,22.375
126300,-81.55416667,28.0125,22.3792
126400,-81.2375,27.72916667,22.3792
126500,-80.7625,27.5875,22.3792
126600,-81.25416667,27.84583333,22.3833
126700,-81.5625,27.62916667,22.3833
126800,-81.60416667,27.9375,22.3875
126900,-80.94583333,27.70416667,22.3875
127000,-81.42083333,28.42916667,22.3917
127100,-80.7375,27.8375,22.3917
127200,-82.07916667,27.62083333,22.3917
127300,-81.7625,28.00416667,22.3958
127400,-82.0625,27.6875,22.3958
127500,-81.55416667,27.47916667,22.3958
127600,-80.70416667,27.82916667,22.4
127700,-81.97916667,27.6125,22.4
127800,-81.55416667,27.95416667,22.4042
127900,-80.7625,27.6875,22.4042
128000,-81.60416667,27.5375,22.4042
128100,-82.05416667,27.72916667,22.4083
128200,-81.62083333,27.6125,22.4083
128300,-81.6875,27.99583333,22.4125
128400,-81.82916667,27.67083333,22.4125
128500,-81.62083333,27.57916667,22.4125
128600,-81.55416667,27.8875,22.4167
128700,-81.99583333,27.62916667,22.4167
128800,-82.07916667,27.52083333,22.4167
128900,-80.6875,27.77916667,22.4208
129000,-81.7625,27.59583333,22.4208
129100,-81.55416667,27.44583333,22.4208
129200,-82.25416667,27.69583333,22.425
129300,-82.2125,27.57083333,22.425
129400,-81.9625,27.4125,22.425
129500,-80.95416667,27.69583333,22.4292
129600,-81.89583333,27.5625,22.4292
129700,-80.7375,27.9875,22.4333
129800,-81.52916667,27.67083333,22.4333
129900,-82.2125,27.55416667,22.4333
130000,-81.52916667,27.87916667,22.4375
130100,-82.12083333,27.5875,22.4375
130200,-80.7125,28.1125,22.4417
130300,-81.8625,27.65416667,22.4417
130400,-81.9125,27.52916667,22.4417
130500,-82.17916667,27.7125,22.4458
130600,-81.02083333,27.57083333,22.4458
130700,-81.7375,28.0375,22.45
130800,-81.7875,27.6375,22.45
130900,-81.7375,27.52083333,22.45
131000,-80.67916667,27.75416667,22.4542
131100,-81.9375,27.5625,22.4542
131200,-82.6125,28.02083333,22.4583
131300,-81.20416667,27.62916667,22.4583
131400,-82.07083333,27.50416667,22.4583
131500,-80.74583333,27.72083333,22.4625
131600,-81.35416667,27.55416667,22.4625
131700,-81.5625,27.90416667,22.4667
131800,-81.32083333,27.57916667,22.4667
131900,-82.57916667,28.05416667,22.4708
132000,-81.17916667,27.57083333,22.4708
132100,-82.74583333,28.0125,22.475
132200,-81.82916667,27.54583333,22.475
132300,-82.7875,27.94583333,22.4792
132400,-81.14583333,27.52916667,22.4792
132500,-82.35416667,27.8125,22.4833
132600,-81.65416667,27.47916667,22.4833
132700,-82.50416667,27.84583333,22.4875
132800,-80.82083333,27.4875,22.4875
132900,-82.5125,27.8625,22.4917
133000,-81.8375,27.47916667,22.4917
133100,-82.3625,27.87916667,22.4958
133200,-81.79583333,27.47916667,22.4958
133300,-82.3625,27.90416667,22.5
133400,-80.87083333,27.52916667,22.5
133500,-82.02083333,27.3875,22.5
133600,-80.5625,27.77083333,22.5042
133700,-81.7375,27.44583333,22.5042
133800,-80.52916667,27.84583333,22.5083
133900,-82.0625,27.44583333,22.5083
134000,-80.54583333,27.9375,22.5125
134100,-80.8625,27.50416667,22.5125
134200,-80.5625,28.07916667,22.5167
134300,-81.2875,27.54583333,22.5167
134400,-81.57916667,27.35416667,22.5167
134500,-80.67083333,27.60416667,22.5208
134600,-81.8625,27.3625,22.5208
134700,-82.3875,27.8375,22.525
134800,-81.42083333,27.4625,22.525
134900,-81.65416667,27.3125,22.525
135000,-80.9125,27.5375,22.5292
135100,-81.70416667,27.3375,22.5292
135200,-81.44583333,27.5875,22.5333
135300,-81.84583333,27.35416667,22.5333
135400,-80.5375,27.7625,22.5375
135500,-82.09583333,27.39583333,22.5375
135600,-80.6875,28.1375,22.5417
135700,-82.24583333,27.47916667,22.5417
135800,-81.59583333,27.27083333,22.5417
135900,-82.32083333,27.52916667,22.5458
136000,-81.54583333,27.32916667,22.5458
136100,-80.65416667,27.9375,22.55
136200,-81.34583333,27.4875,22.55
136300,-81.4875,27.29583333,22.55
136400,-80.62083333,27.77083333,22.5542
136500,-81.45416667,27.4625,22.5542
136600,-81.5875,27.1875,22.5542
136700,-80.6875,27.5625,22.5583
136800,-81.12083333,27.37916667,22.5583
136900,-80.69583333,28.09583333,22.5625
137000,-80.6875,27.4625,22.5625
137100,-81.57083333,27.22916667,22.5625
137200,-80.52916667,27.67083333,22.5667
137300,-80.8625,27.4375,22.5667
137400,-81.70416667,27.2125,22.5667
137500,-82.5625,27.5875,22.5708
137600,-82.02083333,27.32083333,22.5708
137700,-82.3875,27.7875,22.575
137800,-82.2875,27.45416667,22.575
137900,-81.5375,27.22916667,22.575
138000,-81.49583333,27.6125,22.5792
138100,-81.17083333,27.39583333,22.5792
138200,-82.47083333,28.04583333,22.5833
138300,-81.27083333,27.4625,22.5833
138400,-81.42916667,27.2375,22.5833
138500,-82.52916667,27.5875,22.5875
138600,-82.1875,27.37083333,22.5875
138700,-80.67916667,28.12916667,22.5917
138800,-80.9375,27.44583333,22.5917
138900,-81.85416667,27.2625,22.5917
139000,-82.42916667,27.55416667,22.5958
139100,-82.25416667,27.34583333,22.5958
139200,-80.60416667,27.7625,22.6
139300,-81.2375,27.4125,22.6
139400,-81.42083333,27.20416667,22.6
139500,-82.37916667,27.45416667,22.6042
139600,-81.92083333,27.25416667,22.6042
139700,-80.5875,27.72083333,22.6083
139800,-82.20416667,27.35416667,22.6083
139900,-80.6875,28.09583333,22.6125
140000,-82.25416667,27.3875,22.6125
140100,-81.62083333,27.1375,22.6125
140200,-80.90416667,27.42916667,22.6167
140300,-82.02916667,27.22083333,22.6167
140400,-81.49583333,27.5375,22.6208
140500,-80.7875,27.3375,22.6208
140600,-82.7375,27.9625,22.625
140700,-81.10416667,27.34583333,22.625
140800,-81.4375,27.1125,22.625
140900,-80.70416667,27.3625,22.6292
141000,-80.67083333,28.0875,22.6333
141100,-81.20416667,27.32083333,22.6333
141200,-82.77083333,27.82083333,22.6375
141300,-82.27083333,27.29583333,22.6375
141400,-80.5875,27.9875,22.6417
141500,-82.20416667,27.29583333,22.6417
141600,-82.37916667,27.97916667,22.6458
141700,-82.34583333,27.3625,22.6458
141800,-81.92916667,27.1375,22.6458
141900,-80.9375,27.3875,22.65
142000,-82.04583333,27.1625,22.65
142100,-82.3625,27.3875,22.6542
142200,-81.2625,27.19583333,22.6542
142300,-80.6625,27.5125,22.6583
142400,-81.87083333,27.24583333,22.6583
142500,-81.7375,27.12083333,22.6583
142600,-80.92916667,27.40416667,22.6625
142700,-82.27916667,27.20416667,22.6625
142800,-82.37083333,27.97083333,22.6667
142900,-81.05416667,27.3375,22.6667
143000,-82.2625,27.15416667,22.6667
143100,-80.50416667,27.62916667,22.6708
143200,-81.2625,27.2125,22.6708
143300,-80.6625,28.0625,22.675
143400,-81.27083333,27.29583333,22.675
143500,-82.0625,27.12083333,22.675
143600,-80.87083333,27.3625,22.6792
143700,-82.22916667,27.1375,22.6792
143800,-80.59583333,27.47916667,22.6833
143900,-82.14583333,27.17083333,22.6833
144000,-80.57916667,27.5375,22.6875
144100,-81.09583333,27.20416667,22.6875
144200,-82.47916667,27.92916667,22.6917
144300,-81.09583333,27.2375,22.6917
144400,-81.4375,26.9875,22.6917
144500,-81.0875,27.25416667,22.6958
144600,-82.5375,28.02083333,22.7
144700,-81.0625,27.24583333,22.7
144800,-81.42083333,26.9625,22.7
144900,-81.07916667,27.2625,22.7042
145000,-82.57083333,28.00416667,22.7083
145100,-82.32916667,27.1625,22.7083
145200,-80.55416667,27.39583333,22.7125
145300,-82.05416667,27.07916667,22.7125
145400,-81.02083333,27.2875,22.7167
145500,-82.5625,27.99583333,22.7208
145600,-82.17083333,27.1125,22.7208
145700,-81.3375,27.3375,22.725
145800,-81.67083333,27.0625,22.725
145900,-81.30416667,27.30416667,22.7292
146000,-80.62916667,28.07916667,22.7333
146100,-81.12916667,27.1625,22.7333
146200,-80.44583333,27.6875,22.7375
146300,-81.54583333,27.04583333,22.7375
146400,-80.62083333,27.22916667,22.7417
146500,-80.42916667,27.70416667,22.7458
146600,-81.1875,27.02083333,22.7458
146700,-82.42083333,27.2625,22.75
146800,-82.52916667,27.4875,22.7542
146900,-81.97916667,27.04583333,22.7542
147000,-81.05416667,27.15416667,22.7583
147100,-82.77916667,27.89583333,22.7625
147200,-81.92916667,27.05416667,22.7625
147300,-80.6875,27.2625,22.7667
147400,-81.6875,26.92083333,22.7667
147500,-81.9125,27.02083333,22.7708
147600,-81.02916667,27.17083333,22.775
147700,-81.32083333,26.9375,22.775
147800,-81.1375,27.1125,22.7792
147900,-81.72083333,26.8875,22.7792
148000,-81.90416667,27.0125,22.7833
148100,-80.82916667,27.29583333,22.7875
148200,-81.1875,26.95416667,22.7875
148300,-82.42083333,27.32916667,22.7917
148400,-81.79583333,26.97083333,22.7917
148500,-80.4375,27.6375,22.7958
148600,-81.7875,26.97083333,22.7958
148700,-80.52083333,27.35416667,22.8
148800,-81.57916667,26.9625,22.8
148900,-82.47083333,27.3875,22.8042
149000,-81.3875,26.9125,22.8042
149100,-80.59583333,27.1875,22.8083
149200,-81.47083333,26.8375,22.8083
149300,-81.1875,26.9375,22.8125
149400,-80.5625,27.22083333,22.8167
149500,-81.40416667,26.8375,22.8167
149600,-81.69583333,26.9625,22.8208
149700,-82.4875,27.19583333,22.825
149800,-80.47916667,27.4875,22.8292
149900,-81.30416667,26.84583333,22.8292
150000,-81.1125,27.0375,22.8333
150100,-80.77083333,27.27083333,22.8375
150200,-81.47916667,26.82916667,22.8375
150300,-82.30416667,27.02916667,22.8417
150400,-80.52083333,27.1875,22.8458
150500,-82.44583333,27.3625,22.85
150600,-81.29583333,26.82916667,22.85
150700,-82.3125,27.02083333,22.8542
150800,-80.54583333,27.19583333,22.8583
150900,-82.6375,27.45416667,22.8625
151000,-81.6625,26.79583333,22.8625
151100,-81.82083333,26.92916667,22.8667
151200,-81.02916667,27.05416667,22.8708
151300,-80.9375,27.17083333,22.875
151400,-80.9125,27.20416667,22.8792
151500,-82.54583333,27.3375,22.8833
151600,-80.40416667,27.4875,22.8875
151700,-81.5375,26.8125,22.8875
151800,-81.05416667,27.02916667,22.8917
151900,-80.89583333,27.2125,22.8958
152000,-80.42083333,27.37083333,22.9
152100,-80.30416667,27.50416667,22.9042
152200,-80.3625,27.47916667,22.9083
152300,-81.37083333,26.80416667,22.9083
152400,-81.7375,26.8125,22.9125
152500,-81.22083333,26.84583333,22.9167
152600,-82.22083333,27.0375,22.9208
152700,-80.62083333,27.12083333,22.925
152800,-80.44583333,27.19583333,22.9292
152900,-80.4625,27.19583333,22.9333
153000,-80.8875,27.17916667,22.9375
153100,-80.72916667,27.15416667,22.9417
153200,-80.4125,27.1125,22.9458
153300,-82.15416667,27.0125,22.95
153400,-82.05416667,27.02916667,22.9542
153500,-82.34583333,26.9625,22.9583
153600,-81.74583333,26.80416667,22.9625
153700,-81.70416667,26.77083333,22.9667
153800,-82.5625,27.39583333,22.975
153900,-81.6125,26.72916667,22.975
154000,-81.67083333,26.75416667,22.9792
154100,-81.3125,26.77916667,22.9833
154200,-82.5875,27.4875,22.9917
154300,-81.37916667,26.77083333,22.9917
154400,-81.10416667,26.87916667,22.9958
154500,-82.1375,27.00416667,23
154600,-80.69583333,27.04583333,23.0042
154700,-80.62083333,27.07083333,23.0083
154800,-81.5625,26.72916667,23.0083
154900,-82.0125,26.94583333,23.0125
155000,-80.84583333,27.04583333,23.0167
155100,-81.25416667,26.77083333,23.0167
155200,-80.59583333,26.9875,23.0208
155300,-82.5125,27.2875,23.025
155400,-80.4375,26.87916667,23.025
155500,-80.87916667,27.07083333,23.0292
155600,-81.1375,26.82916667,23.0292
155700,-80.67083333,27.02083333,23.0333
155800,-81.80416667,26.8125,23.0333
155900,-80.44583333,27.05416667,23.0375
156000,-81.42916667,26.7625,23.0375
156100,-80.75416667,26.97083333,23.0417
156200,-81.49583333,26.72083333,23.0417
156300,-82.2125,26.92083333,23.0458
156400,-80.3625,27.4125,23.05
156500,-81.05416667,26.8875,23.05
156600,-80.40416667,27.3375,23.0542
156700,-81.94583333,26.8125,23.0542
156800,-80.45416667,26.9625,23.0583
156900,-81.50416667,26.67083333,23.0583
157000,-80.87916667,26.92083333,23.0625
157100,-81.22083333,26.69583333,23.0625
157200,-82.0625,26.90416667,23.0667
157300,-81.24583333,26.67916667,23.0667
157400,-80.9875,26.90416667,23.0708
157500,-81.6875,26.7125,23.0708
157600,-80.7625,26.92083333,23.075
157700,-81.4875,26.74583333,23.075
157800,-80.42916667,27.0125,23.0792
157900,-81.9125,26.84583333,23.0792
158000,-81.50416667,26.59583333,23.0792
158100,-82.2625,26.87083333,23.0833
158200,-80.97083333,26.65416667,23.0833
158300,-82.04583333,26.9125,23.0875
158400,-81.27083333,26.64583333,23.0875
158500,-80.67916667,26.90416667,23.0917
158600,-80.9625,26.6625,23.0917
158700,-80.6875,26.89583333,23.0958
158800,-80.9875,26.6375,23.0958
158900,-80.7875,26.8875,23.1
159000,-80.95416667,26.6625,23.1
159100,-80.3625,27.22083333,23.1042
159200,-81.4375,26.67916667,23.1042
159300,-80.3125,27.39583333,23.1083
159400,-81.07083333,26.82916667,23.1083
159500,-81.42083333,26.57083333,23.1083
159600,-80.79583333,26.85416667,23.1125
159700,-81.0875,26.6375,23.1125
159800,-81.62083333,26.37083333,23.1125
159900,-80.7625,26.82083333,23.1167
160000,-81.2125,26.5875,23.1167
160100,-82.1875,26.8875,23.1208
160200,-81.4625,26.62916667,23.1208
160300,-82.4875,27.3125,23.125
160400,-82.1375,26.64583333,23.125
160500,-81.6125,26.3375,23.125
160600,-80.94583333,26.62083333,23.1292
160700,-80.3375,27.0625,23.1333
160800,-81.35416667,26.60416667,23.1333
160900,-80.9625,26.2625,23.1333
161000,-81.09583333,26.67083333,23.1375
161100,-81.27916667,26.22916667,23.1375
161200,-81.2125,26.6125,23.1417
161300,-80.37916667,26.9375,23.1458
161400,-81.4125,26.47083333,23.1458
161500,-81.97083333,26.77916667,23.15
161600,-81.5125,26.37916667,23.15
161700,-80.7625,26.77916667,23.1542
161800,-81.4875,26.3875,23.1542
161900,-81.5375,26.62083333,23.1583
162000,-80.2625,27.07916667,23.1625
162100,-81.3375,26.44583333,23.1625
162200,-80.35416667,26.92916667,23.1667
162300,-81.32916667,26.4125,23.1667
162400,-81.0125,26.77916667,23.1708
162500,-81.02083333,26.2875,23.1708
162600,-80.92083333,26.6375,23.175
162700,-81.07083333,26.20416667,23.175
162800,-80.9875,26.5625,23.1792
162900,-80.57916667,27.05416667,23.1833
163000,-81.52916667,26.5125,23.1833
163100,-80.32083333,27.17916667,23.1875
163200,-81.2875,26.4375,23.1875
163300,-80.2875,26.92916667,23.1917
163400,-81.5875,26.50416667,23.1917
163500,-80.22916667,27.09583333,23.1958
163600,-81.07916667,26.4875,23.1958
163700,-80.32916667,27.4125,23.2
163800,-80.79583333,26.64583333,23.2
163900,-80.24583333,27.27916667,23.2042
164000,-81.6625,26.52916667,23.2042
164100,-80.57916667,26.80416667,23.2083
164200,-81.35416667,26.37916667,23.2083
164300,-80.82916667,26.74583333,23.2125
164400,-81.0625,26.40416667,23.2125
164500,-80.87083333,26.64583333,23.2167
164600,-80.3625,27.29583333,23.2208
164700,-81.69583333,26.52083333,23.2208
164800,-81.44583333,26.02916667,23.2208
164900,-81.70416667,26.52916667,23.225
165000,-80.27083333,26.9375,23.2292
165100,-81.1625,26.42916667,23.2292
165200,-80.6375,26.77916667,23.2333
165300,-80.7875,26.29583333,23.2333
165400,-80.80416667,26.6125,23.2375
165500,-81.5125,26.12916667,23.2375
165600,-81.04583333,26.52916667,23.2417
165700,-80.1875,27.0625,23.2458
165800,-81.14583333,26.30416667,23.2458
165900,-80.92083333,26.5625,23.25
166000,-80.2625,27.2875,23.2542
166100,-81.42916667,26.37083333,23.2542
166200,-80.7125,26.6375,23.2583
166300,-81.44583333,26.1375,23.2583
166400,-81.4125,26.37916667,23.2625
166500,-80.5125,26.69583333,23.2667
166600,-81.45416667,26.1375,23.2667
166700,-81.09583333,26.42916667,23.2708
166800,-80.3125,26.8375,23.275
166900,-80.84583333,26.39583333,23.275
167000,-80.30416667,26.84583333,23.2792
167100,-81.4375,26.32916667,23.2792
167200,-82.0625,26.69583333,23.2833
167300,-80.8375,26.30416667,23.2833
167400,-81.5625,26.57083333,23.2875
167500,-81.09583333,26.1875,23.2875
167600,-80.97083333,26.5125,23.2917
167700,-81.47916667,26.0125,23.2917
167800,-81.42916667,26.32083333,23.2958
167900,-80.55416667,26.65416667,23.3
168000,-81.4625,26.29583333,23.3
168100,-80.67083333,26.60416667,23.3042
168200,-81.45416667,26.09583333,23.3042
168300,-80.90416667,26.4375,23.3083
168400,-80.2625,26.82916667,23.3125
168500,-80.8875,26.2625,23.3125
168600,-80.57083333,26.62083333,23.3167
168700,-81.17916667,26.2875,23.3167
168800,-80.54583333,26.62916667,23.3208
168900,-81.3375,26.27916667,23.3208
169000,-80.77083333,26.57916667,23.325
169100,-81.20416667,26.19583333,23.325
169200,-81.97916667,26.50416667,23.3292
169300,-80.1625,27.1375,23.3333
169400,-80.9375,26.29583333,23.3333
169500,-80.7125,26.54583333,23.3375
169600,-80.1875,27.12083333,23.3417
169700,-81.5625,26.3125,23.3417
169800,-80.74583333,26.5375,23.3458
169900,-81.59583333,26.12083333,23.3458
170000,-80.8125,26.34583333,23.35
170100,-80.54583333,26.5375,23.3542
170200,-80.35416667,26.77083333,23.3583
170300,-80.8375,26.34583333,23.3583
170400,-81.79583333,26.52916667,23.3625
170500,-82.05416667,26.67916667,23.3667
170600,-81.65416667,26.27916667,23.3667
170700,-80.92083333,26.42916667,23.3708
170800,-81.57916667,26.57083333,23.375
170900,-80.47916667,26.62916667,23.3792
171000,-80.37083333,26.7375,23.3833
171100,-80.4375,26.67916667,23.3875
171200,-80.4375,26.67083333,23.3917
171300,-80.39583333,26.69583333,23.3958
171400,-80.64583333,26.69583333,23.4
171500,-80.4375,26.5875,23.4042
171600,-81.00416667,26.3875,23.4083
171700,-80.72083333,26.2625,23.4125
171800,-80.8375,26.22916667,23.4167
171900,-81.52083333,25.9875,23.4208
172000,-80.1375,26.97916667,23.4292
172100,-80.37083333,26.72083333,23.4333
172200,-80.42916667,26.52916667,23.4375
172300,-80.3625,26.5875,23.4417
172400,-80.50416667,26.45416667,23.4458
172500,-80.50416667,26.4875,23.45
172600,-80.34583333,26.59583333,23.4542
172700,-80.45416667,26.50416667,23.4583
172800,-80.32916667,26.67083333,23.4625
172900,-81.57083333,25.94583333,23.4625
173000,-81.00416667,26.07083333,23.4667
173100,-81.30416667,26.07916667,23.4708
173200,-81.0125,26.0875,23.475
173300,-80.69583333,26.2625,23.4792
173400,-80.75416667,26.22916667,23.4833
173500,-80.4125,26.35416667,23.4875
173600,-80.42916667,26.37083333,23.4917
173700,-80.5125,26.35416667,23.4958
173800,-80.5875,26.3875,23.5
173900,-80.39583333,26.42916667,23.5042
174000,-80.24583333,26.55416667,23.5083
174100,-81.12083333,25.9875,23.5083
174200,-81.72083333,26.0625,23.5125
174300,-81.0875,26.12083333,23.5167
174400,-81.6625,26.25416667,23.5208
174500,-80.44583333,26.32916667,23.525
174600,-80.3625,26.52083333,23.5292
174700,-80.37083333,26.5125,23.5333
174800,-81.94583333,26.7375,23.5375
174900,-81.6375,25.99583333,23.5375
175000,-81.20416667,26.04583333,23.5417
175100,-81.07083333,26.02916667,23.5458
175200,-81.19583333,26.00416667,23.55
175300,-81.0125,26.02916667,23.5542
175400,-81.0625,26.02083333,23.5583
175500,-81.60416667,26.0375,23.5625
175600,-80.97083333,26.12916667,23.5667
175700,-80.79583333,26.17083333,23.5708
175800,-80.74583333,26.1875,23.575
175900,-80.9375,26.12083333,23.5792
176000,-80.82916667,26.17083333,23.5833
176100,-80.82916667,26.1375,23.5875
176200,-80.80416667,26.1625,23.5917
176300,-80.32083333,26.35416667,23.5958
176400,-80.2625,26.4875,23.6
176500,-81.1875,25.52916667,23.6
176600,-81.2625,25.70416667,23.6042
176700,-81.2875,25.80416667,23.6083
176800,-81.12916667,25.9625,23.6125
176900,-81.20416667,25.87916667,23.6167
177000,-81.07916667,25.90416667,23.6208
177100,-81.27083333,25.9625,23.625
177200,-81.72916667,26.09583333,23.6292
177300,-81.65416667,26.02083333,23.6333
177400,-81.0125,25.99583333,23.6375
177500,-81.0625,25.97083333,23.6417
177600,-81.04583333,25.99583333,23.6458
177700,-80.87916667,26.0625,23.65
177800,-80.80416667,26.0875,23.6542
177900,-80.84583333,26.04583333,23.6583
178000,-80.90416667,26.0125,23.6625
178100,-81.14583333,25.95416667,23.6667
178200,-81.2375,25.64583333,23.6708
178300,-80.27916667,26.4125,23.6792
178400,-81.67916667,26.1375,23.6833
178500,-81.1375,25.92083333,23.6875
178600,-80.8375,26.0375,23.6917
178700,-80.2625,26.6875,23.7
178800,-81.72083333,26.10416667,23.7042
178900,-81.14583333,25.82083333,23.7083
179000,-80.0875,26.89583333,23.7167
179100,-80.09583333,26.89583333,23.7208
179200,-80.57083333,26.17083333,23.725
179300,-80.92916667,25.9625,23.7292
179400,-81.2125,25.6875,23.7333
179500,-81.84583333,26.5875,23.7417
179600,-81.72083333,26.20416667,23.7458
179700,-80.7375,26.04583333,23.75
179800,-81.0125,25.82916667,23.7542
179900,-81.12916667,25.52916667,23.7583
180000,-80.70416667,26.04583333,23.7667
180100,-81.09583333,25.5125,23.7708
180200,-80.64583333,26.09583333,23.7792
180300,-81.17083333,25.84583333,23.7833
180400,-80.49583333,26.14583333,23.7917
180500,-80.97916667,25.8625,23.7958
180600,-80.19583333,26.57083333,23.8042
180700,-80.6875,26.02916667,23.8083
180800,-81.69583333,26.15416667,23.8167
180900,-81.9625,26.65416667,23.825
181000,-80.72916667,26.00416667,23.8292
181100,-80.12083333,26.7625,23.8375
181200,-80.5125,26.02083333,23.8417
181300,-80.19583333,26.67916667,23.85
181400,-80.92083333,25.9125,23.8542
181500,-81.14583333,25.64583333,23.8583
181600,-80.17916667,26.62916667,23.8667
181700,-81.9875,26.5875,23.8708
181800,-80.5375,26.0875,23.875
181900,-81.0625,25.74583333,23.8792
182000,-80.3875,26.1625,23.8875
182100,-80.8375,25.87083333,23.8917
182200,-80.4125,26.12916667,23.9
182300,-80.8625,25.8625,23.9042
182400,-81.0125,25.57916667,23.9083
182500,-80.30416667,26.27916667,23.9167
182600,-80.47083333,25.9375,23.9208
182700,-80.85416667,25.84583333,23.925
182800,-80.4125,26.0625,23.9333
182900,-80.8625,25.82083333,23.9375
183000,-80.89583333,25.8625,23.9417
183100,-81.05416667,25.59583333,23.9458
183200,-80.9875,25.49583333,23.95
183300,-80.4875,25.92083333,23.9583
183400,-81.02083333,25.72083333,23.9625
183500,-80.0625,26.74583333,23.9708
183600,-80.44583333,25.92083333,23.975
183700,-81.72083333,26.17083333,23.9833
183800,-80.9625,25.72083333,23.9875
183900,-80.54583333,25.90416667,23.9958
184000,-81.1125,25.2875,24
184100,-80.42083333,25.9125,24.0083
184200,-80.95416667,25.67916667,24.0125
184300,-80.60416667,25.85416667,24.0208
184400,-81.02916667,25.6875,24.025
184500,-80.95416667,25.67083333,24.0292
184600,-80.27916667,26.27916667,24.0375
184700,-80.9125,25.6875,24.0417
184800,-80.0875,26.54583333,24.05
184900,-80.42083333,25.82916667,24.0542
185000,-80.95416667,25.45416667,24.0583
185100,-80.1375,26.49583333,24.0667
185200,-80.42916667,25.8375,24.0708
185300,-80.84583333,25.70416667,24.075
185400,-81.09583333,25.24583333,24.0792
185500,-80.07083333,26.6625,24.0875
185600,-80.1125,26.50416667,24.0917
185700,-80.47916667,25.7625,24.0958
185800,-80.7375,25.7125,24.1
185900,-80.10416667,26.65416667,24.1083
186000,-80.94583333,25.50416667,24.1083
186100,-80.37916667,26.0125,24.1167
186200,-80.37916667,25.87916667,24.1208
186300,-80.80416667,25.6875,24.125
186400,-80.32916667,26.12916667,24.1333
186500,-80.77916667,25.6625,24.1375
186600,-80.30416667,26.09583333,24.1458
186700,-80.7625,25.65416667,24.15
186800,-80.9125,25.52083333,24.1542
186900,-80.0875,26.3375,24.1625
187000,-80.82916667,25.6375,24.1667
187100,-81.07083333,25.17916667,24.1708
187200,-80.5625,25.57916667,24.1792
187300,-80.19583333,26.27916667,24.1875
187400,-80.57916667,25.62916667,24.1917
187500,-80.9125,25.37083333,24.1958
187600,-80.60416667,25.62916667,24.2042
187700,-80.85416667,25.47916667,24.2083
187800,-80.65416667,25.6125,24.2167
187900,-80.34583333,25.95416667,24.225
188000,-80.64583333,25.39583333,24.2292
188100,-80.4375,25.69583333,24.2375
188200,-80.5125,25.57083333,24.2417
188300,-80.10416667,26.29583333,24.25
188400,-80.7125,25.57083333,24.2542
188500,-80.82083333,25.47083333,24.2583
188600,-80.15416667,26.25416667,24.2667
188700,-80.27916667,25.69583333,24.2708
188800,-80.62916667,25.5375,24.275
188900,-80.52083333,25.54583333,24.2792
189000,-80.7625,25.52083333,24.2833
189100,-80.5875,25.52916667,24.2875
189200,-80.3625,25.5625,24.2917
189300,-80.57083333,25.47083333,24.2958
189400,-80.84583333,25.44583333,24.3
189500,-80.6375,25.42083333,24.3042
189600,-80.85416667,25.2875,24.3083
189700,-80.2625,26.1375,24.3167
189800,-80.57916667,25.4875,24.3208
189900,-80.84583333,25.42083333,24.325
190000,-80.22083333,26.12083333,24.3333
190100,-80.8375,25.40416667,24.3375
190200,-80.3625,25.52916667,24.3458
190300,-80.39583333,25.7375,24.3542
190400,-80.1375,26.19583333,24.3625
190500,-80.5625,25.37916667,24.3667
190600,-80.77083333,25.22083333,24.375
190700,-80.77916667,25.3625,24.3833
190800,-80.6875,25.37083333,24.3917
190900,-80.74583333,25.34583333,24.4
191000,-80.14583333,25.9375,24.4125
191100,-80.17916667,26.1375,24.4208
191200,-80.42083333,25.35416667,24.4292
191300,-80.17083333,26.14583333,24.4417
191400,-80.5625,25.3375,24.45
191500,-80.69583333,25.2125,24.4583
191600,-80.20416667,26.0375,24.4708
191700,-80.1875,26.1625,24.4792
191800,-80.7625,25.2625,24.4875
191900,-80.44583333,25.29583333,24.5
192000,-80.5625,25.27916667,24.5083
192100,-80.67916667,25.2625,24.5167
192200,-80.54583333,25.2625,24.5292
192300,-80.22083333,25.99583333,24.5458
192400,-80.32916667,25.3875,24.5583
192500,-80.22083333,25.97083333,24.575
192600,-80.62083333,25.22916667,24.5917
192700,-80.2125,25.94583333,24.6208
192800,-80.42083333,25.12083333,24.6792
192900,-80.27916667,25.77916667,24.7333
193000,-81.55416667,24.6375,24.925
193100,-81.60416667,24.59583333,25.05